8.2720000e-04	1.0771000e-03	4.6589637e-01	1.3272000e-03	1.5771000e-03	-4.6589637e-01	1.8272000e-03	2.0771000e-03	4.6589637e-01	6.4630000e-04	9.0040000e-04	4.1166457e-01	1.1510000e-03	1.4019000e-03	-4.1404248e-01	1.6526000e-03	1.9023000e-03	4.1190939e-01	7.2240000e-04	9.7520000e-04	4.6418566e-01	1.2264000e-03	1.4765000e-03	-4.6218369e-01	1.7267000e-03	1.9766000e-03	4.6109876e-01	6.4630000e-04	9.0040000e-04	4.1166251e-01	1.1510000e-03	1.4019000e-03	-4.1404041e-01	1.6526000e-03	1.9023000e-03	4.1190733e-01	-1.2000000e+01
8.3650000e-04	1.0865000e-03	5.1713073e-01	1.3365000e-03	1.5865000e-03	-5.1713073e-01	1.8365000e-03	2.0865000e-03	5.1713073e-01	6.5510000e-04	9.0960000e-04	4.5836265e-01	1.1606000e-03	1.4113000e-03	-4.5945028e-01	1.6620000e-03	1.9117000e-03	4.5714971e-01	7.3180000e-04	9.8460000e-04	5.1572312e-01	1.2359000e-03	1.4859000e-03	-5.1286737e-01	1.7361000e-03	1.9859000e-03	5.1178810e-01	6.5510000e-04	9.0960000e-04	4.5836036e-01	1.1606000e-03	1.4113000e-03	-4.5944798e-01	1.6620000e-03	1.9117000e-03	4.5714742e-01	-1.2000000e+01
8.5680000e-04	1.1068000e-03	6.2168131e-01	1.3568000e-03	1.6068000e-03	-6.2168131e-01	1.8568000e-03	2.1068000e-03	6.2168131e-01	6.7430000e-04	9.2950000e-04	5.5442895e-01	1.1813000e-03	1.4317000e-03	-5.5207855e-01	1.6823000e-03	1.9320000e-03	5.4943701e-01	7.5220000e-04	1.0049000e-03	6.2120782e-01	1.2564000e-03	1.5062000e-03	-6.1623258e-01	1.7564000e-03	2.0062000e-03	6.1521464e-01	6.7430000e-04	9.2950000e-04	5.5442618e-01	1.1813000e-03	1.4317000e-03	-5.5207579e-01	1.6823000e-03	1.9320000e-03	5.4943426e-01	-1.1000000e+01
8.7510000e-04	1.1250000e-03	7.0718350e-01	1.3751000e-03	1.6250000e-03	-7.0718350e-01	1.8751000e-03	2.1250000e-03	7.0718350e-01	6.9160000e-04	9.4750000e-04	6.3370915e-01	1.1999000e-03	1.4500000e-03	-6.2781502e-01	1.7005000e-03	1.9502000e-03	6.2488059e-01	7.7050000e-04	1.0231000e-03	7.0778723e-01	1.2748000e-03	1.5245000e-03	-7.0071463e-01	1.7746000e-03	2.0244000e-03	6.9978551e-01	6.9160000e-04	9.4750000e-04	6.3370598e-01	1.1999000e-03	1.4500000e-03	-6.2781189e-01	1.7005000e-03	1.9502000e-03	6.2487746e-01	-1.1000000e+01
8.7930000e-04	1.1293000e-03	7.2576117e-01	1.3793000e-03	1.6293000e-03	-7.2576116e-01	1.8793000e-03	2.1293000e-03	7.2576116e-01	6.9560000e-04	9.5160000e-04	6.5101374e-01	1.2042000e-03	1.4543000e-03	-6.4427079e-01	1.7048000e-03	1.9545000e-03	6.4126952e-01	7.7470000e-04	1.0274000e-03	7.2663579e-01	1.2791000e-03	1.5287000e-03	-7.1906578e-01	1.7788000e-03	2.0287000e-03	7.1815943e-01	6.9560000e-04	9.5160000e-04	6.5101049e-01	1.2042000e-03	1.4543000e-03	-6.4426757e-01	1.7048000e-03	1.9545000e-03	6.4126631e-01	-1.1000000e+01
8.8150000e-04	1.1314000e-03	7.3501026e-01	1.3815000e-03	1.6314000e-03	-7.3501025e-01	1.8815000e-03	2.1314000e-03	7.3501025e-01	6.9770000e-04	9.5380000e-04	6.5963896e-01	1.2064000e-03	1.4565000e-03	-6.5246353e-01	1.7069000e-03	1.9566000e-03	6.4942843e-01	7.7690000e-04	1.0295000e-03	7.3602451e-01	1.2812000e-03	1.5309000e-03	-7.2820155e-01	1.7810000e-03	2.0308000e-03	7.2730684e-01	6.9770000e-04	9.5380000e-04	6.5963566e-01	1.2064000e-03	1.4565000e-03	-6.5246027e-01	1.7069000e-03	1.9566000e-03	6.4942519e-01	-1.1000000e+01
8.8850000e-04	1.1385000e-03	7.6446981e-01	1.3885000e-03	1.6385000e-03	-7.6446977e-01	1.8885000e-03	2.1385000e-03	7.6446977e-01	7.0440000e-04	9.6080000e-04	6.8715415e-01	1.2135000e-03	1.4636000e-03	-6.7855944e-01	1.7140000e-03	1.9637000e-03	6.7541398e-01	7.8390000e-04	1.0366000e-03	7.6595016e-01	1.2884000e-03	1.5380000e-03	-7.5729790e-01	1.7881000e-03	2.0379000e-03	7.5644177e-01	7.0440000e-04	9.6080000e-04	6.8715072e-01	1.2135000e-03	1.4636000e-03	-6.7855605e-01	1.7140000e-03	1.9637000e-03	6.7541060e-01	1.1000000e+01
8.9390000e-04	1.1438000e-03	7.8559910e-01	1.3939000e-03	1.6438000e-03	-7.8559902e-01	1.8939000e-03	2.1438000e-03	7.8559902e-01	7.0950000e-04	9.6600000e-04	7.0692760e-01	1.2189000e-03	1.4689000e-03	-6.9727732e-01	1.7194000e-03	1.9691000e-03	6.9404996e-01	7.8930000e-04	1.0419000e-03	7.8743341e-01	1.2937000e-03	1.5434000e-03	-7.7816480e-01	1.7934000e-03	2.0432000e-03	7.7733741e-01	7.0950000e-04	9.6600000e-04	7.0692407e-01	1.2189000e-03	1.4689000e-03	-6.9727384e-01	1.7194000e-03	1.9691000e-03	6.9404649e-01	0.0000000e+00
8.9680000e-04	1.1467000e-03	7.9666882e-01	1.3968000e-03	1.6467000e-03	-7.9666869e-01	1.8968000e-03	2.1467000e-03	7.9666871e-01	7.1220000e-04	9.6880000e-04	7.1729930e-01	1.2219000e-03	1.4718000e-03	-7.0708416e-01	1.7223000e-03	1.9719000e-03	7.0381287e-01	7.9210000e-04	1.0448000e-03	7.9869504e-01	1.2966000e-03	1.5462000e-03	-7.8909651e-01	1.7963000e-03	2.0461000e-03	7.8828446e-01	7.1220000e-04	9.6880000e-04	7.1729571e-01	1.2219000e-03	1.4718000e-03	-7.0708062e-01	1.7223000e-03	1.9719000e-03	7.0380935e-01	0.0000000e+00
9.0070000e-04	1.1506000e-03	8.1135377e-01	1.4007000e-03	1.6506000e-03	-8.1135357e-01	1.9007000e-03	2.1506000e-03	8.1135359e-01	7.1600000e-04	9.7270000e-04	7.3107101e-01	1.2258000e-03	1.4758000e-03	-7.2009438e-01	1.7262000e-03	1.9759000e-03	7.1676373e-01	7.9610000e-04	1.0488000e-03	8.1364135e-01	1.3006000e-03	1.5502000e-03	-8.0359790e-01	1.8002000e-03	2.0501000e-03	8.0280637e-01	7.1600000e-04	9.7270000e-04	7.3106735e-01	1.2258000e-03	1.4758000e-03	-7.2009078e-01	1.7262000e-03	1.9759000e-03	7.1676014e-01	1.1000000e+01
9.0420000e-04	1.1541000e-03	8.2401160e-01	1.4042000e-03	1.6541000e-03	-8.2401131e-01	1.9042000e-03	2.1541000e-03	8.2401134e-01	7.1930000e-04	9.7620000e-04	7.4295284e-01	1.2294000e-03	1.4793000e-03	-7.3130928e-01	1.7297000e-03	1.9794000e-03	7.2792631e-01	7.9960000e-04	1.0523000e-03	8.2653057e-01	1.3041000e-03	1.5537000e-03	-8.1609706e-01	1.8037000e-03	2.0536000e-03	8.1532341e-01	7.1930000e-04	9.7620000e-04	7.4294912e-01	1.2294000e-03	1.4793000e-03	-7.3130562e-01	1.7297000e-03	1.9794000e-03	7.2792268e-01	1.1000000e+01
9.0730000e-04	1.1572000e-03	8.3483724e-01	1.4073000e-03	1.6572000e-03	-8.3483683e-01	1.9073000e-03	2.1572000e-03	8.3483689e-01	7.2230000e-04	9.7920000e-04	7.5312273e-01	1.2325000e-03	1.4824000e-03	-7.4090131e-01	1.7328000e-03	1.9825000e-03	7.3747275e-01	8.0260000e-04	1.0553000e-03	8.3755855e-01	1.3072000e-03	1.5568000e-03	-8.2678669e-01	1.8068000e-03	2.0566000e-03	8.2602840e-01	7.2230000e-04	9.7920000e-04	7.5311896e-01	1.2325000e-03	1.4824000e-03	-7.4089761e-01	1.7328000e-03	1.9825000e-03	7.3746907e-01	1.1000000e+01
9.1180000e-04	1.1618000e-03	8.5023144e-01	1.4118000e-03	1.6618000e-03	-8.5023080e-01	1.9118000e-03	2.1618000e-03	8.5023089e-01	7.2670000e-04	9.8370000e-04	7.6759656e-01	1.2371000e-03	1.4869000e-03	-7.5454219e-01	1.7374000e-03	1.9870000e-03	7.5104740e-01	8.0720000e-04	1.0599000e-03	8.5324740e-01	1.3118000e-03	1.5613000e-03	-8.4198713e-01	1.8113000e-03	2.0612000e-03	8.4125075e-01	7.2670000e-04	9.8370000e-04	7.6759272e-01	1.2371000e-03	1.4869000e-03	-7.5453842e-01	1.7374000e-03	1.9870000e-03	7.5104364e-01	1.1000000e+01
9.1590000e-04	1.1659000e-03	8.6353923e-01	1.4159000e-03	1.6659000e-03	-8.6353830e-01	1.9159000e-03	2.1659000e-03	8.6353845e-01	7.3060000e-04	9.8780000e-04	7.8011961e-01	1.2412000e-03	1.4911000e-03	-7.6633518e-01	1.7415000e-03	1.9911000e-03	7.6278169e-01	8.1130000e-04	1.0640000e-03	8.6681630e-01	1.3159000e-03	1.5655000e-03	-8.5512712e-01	1.8155000e-03	2.0653000e-03	8.5440961e-01	7.3060000e-04	9.8780000e-04	7.8011571e-01	1.2412000e-03	1.4911000e-03	-7.6633135e-01	1.7415000e-03	1.9911000e-03	7.6277787e-01	1.1000000e+01
9.2010000e-04	1.1700000e-03	8.7636322e-01	1.4201000e-03	1.6700000e-03	-8.7636187e-01	1.9201000e-03	2.1700000e-03	8.7636211e-01	7.3460000e-04	9.9190000e-04	7.9219637e-01	1.2454000e-03	1.4952000e-03	-7.7770032e-01	1.7456000e-03	1.9953000e-03	7.7408891e-01	8.1540000e-04	1.0681000e-03	8.7989737e-01	1.3201000e-03	1.5696000e-03	-8.6778924e-01	1.8196000e-03	2.0694000e-03	8.6708971e-01	7.3460000e-04	9.9190000e-04	7.9219241e-01	1.2454000e-03	1.4952000e-03	-7.7769643e-01	1.7456000e-03	1.9953000e-03	7.7408504e-01	1.1000000e+01
9.2710000e-04	1.1771000e-03	8.9683275e-01	1.4271000e-03	1.6771000e-03	-8.9683029e-01	1.9271000e-03	2.1771000e-03	8.9683081e-01	7.4140000e-04	9.9880000e-04	8.1148998e-01	1.2525000e-03	1.5023000e-03	-7.9584306e-01	1.7527000e-03	2.0023000e-03	7.9213639e-01	8.2240000e-04	1.0752000e-03	9.0078791e-01	1.3272000e-03	1.5767000e-03	-8.8799999e-01	1.8266000e-03	2.0765000e-03	8.8732885e-01	7.4140000e-04	9.9880000e-04	8.1148592e-01	1.2525000e-03	1.5023000e-03	-7.9583908e-01	1.7527000e-03	2.0023000e-03	7.9213243e-01	1.2000000e+01
9.2950000e-04	1.1794000e-03	9.0323975e-01	1.4295000e-03	1.6794000e-03	-9.0323678e-01	1.9295000e-03	2.1794000e-03	9.0323745e-01	7.4370000e-04	1.0012000e-03	8.1753279e-01	1.2549000e-03	1.5046000e-03	-8.0152225e-01	1.7550000e-03	2.0047000e-03	7.9778498e-01	8.2470000e-04	1.0775000e-03	9.0732927e-01	1.3295000e-03	1.5790000e-03	-8.9432594e-01	1.8290000e-03	2.0788000e-03	8.9366345e-01	7.4370000e-04	1.0012000e-03	8.1752870e-01	1.2549000e-03	1.5046000e-03	-8.0151824e-01	1.7550000e-03	2.0047000e-03	7.9778099e-01	1.2000000e+01
8.9680000e-04	1.1468000e-03	7.9697527e-01	1.3968000e-03	1.6468000e-03	-7.9697515e-01	1.8968000e-03	2.1468000e-03	7.9697516e-01	6.2710000e-04	8.7330000e-04	7.3522157e-01	1.1163000e-03	1.3658000e-03	-7.6581032e-01	1.6144000e-03	1.8643000e-03	7.7258733e-01	6.9610000e-04	9.4400000e-04	8.3885048e-01	1.1897000e-03	1.4394000e-03	-8.6097382e-01	1.6885000e-03	1.9385000e-03	8.6580114e-01	6.2710000e-04	8.7330000e-04	7.3521791e-01	1.1163000e-03	1.3658000e-03	-7.6580649e-01	1.6144000e-03	1.8643000e-03	7.7258346e-01	-2.2000000e+01
8.9680000e-04	1.1468000e-03	7.9697527e-01	1.3968000e-03	1.6468000e-03	-7.9697515e-01	1.8968000e-03	2.1468000e-03	7.9697516e-01	6.4320000e-04	8.9290000e-04	7.4949126e-01	1.1377000e-03	1.3883000e-03	-7.8168339e-01	1.6376000e-03	1.8878000e-03	7.8843677e-01	7.1420000e-04	9.6470000e-04	8.5627707e-01	1.2118000e-03	1.4623000e-03	-8.7891669e-01	1.7119000e-03	1.9620000e-03	8.8349330e-01	6.4320000e-04	8.9290000e-04	7.4948753e-01	1.1377000e-03	1.3883000e-03	-7.8167949e-01	1.6376000e-03	1.8878000e-03	7.8843283e-01	-2.2000000e+01
8.9680000e-04	1.1468000e-03	7.9697527e-01	1.3968000e-03	1.6468000e-03	-7.9697515e-01	1.8968000e-03	2.1468000e-03	7.9697516e-01	6.7170000e-04	9.2600000e-04	7.5563417e-01	1.1744000e-03	1.4260000e-03	-7.7705674e-01	1.6765000e-03	1.9268000e-03	7.7790425e-01	7.4650000e-04	9.9990000e-04	8.5981039e-01	1.2497000e-03	1.5006000e-03	-8.7100150e-01	1.7510000e-03	2.0011000e-03	8.7069144e-01	6.7170000e-04	9.2600000e-04	7.5563040e-01	1.1744000e-03	1.4260000e-03	-7.7705285e-01	1.6765000e-03	1.9268000e-03	7.7790036e-01	-2.1000000e+01
8.9680000e-04	1.1468000e-03	7.9697527e-01	1.3968000e-03	1.6468000e-03	-7.9697515e-01	1.8968000e-03	2.1468000e-03	7.9697516e-01	6.9230000e-04	9.4840000e-04	7.4349968e-01	1.1995000e-03	1.4507000e-03	-7.4934908e-01	1.7015000e-03	1.9514000e-03	7.4574645e-01	7.6980000e-04	1.0236000e-03	8.3877538e-01	1.2750000e-03	1.5254000e-03	-8.3712293e-01	1.7759000e-03	2.0257000e-03	8.3443308e-01	6.9230000e-04	9.4840000e-04	7.4349597e-01	1.1995000e-03	1.4507000e-03	-7.4934533e-01	1.7015000e-03	1.9514000e-03	7.4574272e-01	-2.1000000e+01
8.9680000e-04	1.1468000e-03	7.9697527e-01	1.3968000e-03	1.6468000e-03	-7.9697515e-01	1.8968000e-03	2.1468000e-03	7.9697516e-01	6.9670000e-04	9.5300000e-04	7.3903176e-01	1.2046000e-03	1.4556000e-03	-7.4122076e-01	1.7064000e-03	1.9562000e-03	7.3717541e-01	7.7470000e-04	1.0284000e-03	8.3167300e-01	1.2800000e-03	1.5302000e-03	-8.2758244e-01	1.7807000e-03	2.0305000e-03	8.2493693e-01	6.9670000e-04	9.5300000e-04	7.3902806e-01	1.2046000e-03	1.4556000e-03	-7.4121705e-01	1.7064000e-03	1.9562000e-03	7.3717173e-01	-2.1000000e+01
8.9680000e-04	1.1468000e-03	7.9697527e-01	1.3968000e-03	1.6468000e-03	-7.9697515e-01	1.8968000e-03	2.1468000e-03	7.9697516e-01	6.9830000e-04	9.5470000e-04	7.3721247e-01	1.2065000e-03	1.4573000e-03	-7.3805032e-01	1.7082000e-03	1.9580000e-03	7.3390770e-01	7.7650000e-04	1.0302000e-03	8.2882002e-01	1.2818000e-03	1.5320000e-03	-8.2390132e-01	1.7824000e-03	2.0322000e-03	8.2132946e-01	6.9830000e-04	9.5470000e-04	7.3720878e-01	1.2065000e-03	1.4573000e-03	-7.3804663e-01	1.7082000e-03	1.9580000e-03	7.3390403e-01	-2.1000000e+01
8.9680000e-04	1.1468000e-03	7.9697527e-01	1.3968000e-03	1.6468000e-03	-7.9697515e-01	1.8968000e-03	2.1468000e-03	7.9697516e-01	7.0540000e-04	9.6200000e-04	7.2808874e-01	1.2145000e-03	1.4649000e-03	-7.2308342e-01	1.7156000e-03	1.9653000e-03	7.1898542e-01	7.8450000e-04	1.0378000e-03	8.1476834e-01	1.2896000e-03	1.5395000e-03	-8.0681978e-01	1.7897000e-03	2.0395000e-03	8.0492275e-01	7.0540000e-04	9.6200000e-04	7.2808510e-01	1.2145000e-03	1.4649000e-03	-7.2307980e-01	1.7156000e-03	1.9653000e-03	7.1898183e-01	2.1000000e+01
8.9680000e-04	1.1468000e-03	7.9697527e-01	1.3968000e-03	1.6468000e-03	-7.9697515e-01	1.8968000e-03	2.1468000e-03	7.9697516e-01	7.0980000e-04	9.6640000e-04	7.2159797e-01	1.2193000e-03	1.4694000e-03	-7.1319997e-01	1.7200000e-03	1.9696000e-03	7.0953673e-01	7.8940000e-04	1.0424000e-03	8.0498140e-01	1.2942000e-03	1.5439000e-03	-7.9580825e-01	1.7940000e-03	2.0438000e-03	7.9456591e-01	7.0980000e-04	9.6640000e-04	7.2159436e-01	1.2193000e-03	1.4694000e-03	-7.1319640e-01	1.7200000e-03	1.9696000e-03	7.0953318e-01	2.1000000e+01
8.9680000e-04	1.1468000e-03	7.9697527e-01	1.3968000e-03	1.6468000e-03	-7.9697515e-01	1.8968000e-03	2.1468000e-03	7.9697516e-01	7.1220000e-04	9.6880000e-04	7.1771635e-01	1.2219000e-03	1.4718000e-03	-7.0754184e-01	1.7223000e-03	1.9720000e-03	7.0425544e-01	7.9210000e-04	1.0448000e-03	7.9919936e-01	1.2966000e-03	1.5462000e-03	-7.8960212e-01	1.7963000e-03	2.0461000e-03	7.8877648e-01	7.1220000e-04	9.6880000e-04	7.1771276e-01	1.2219000e-03	1.4718000e-03	-7.0753830e-01	1.7223000e-03	1.9720000e-03	7.0425192e-01	0.0000000e+00
8.9680000e-04	1.1468000e-03	7.9697527e-01	1.3968000e-03	1.6468000e-03	-7.9697515e-01	1.8968000e-03	2.1468000e-03	7.9697516e-01	7.1520000e-04	9.7180000e-04	7.1267808e-01	1.2250000e-03	1.4747000e-03	-7.0045062e-01	1.7250000e-03	1.9747000e-03	6.9775581e-01	7.9540000e-04	1.0478000e-03	7.9176754e-01	1.2995000e-03	1.5491000e-03	-7.8192698e-01	1.7990000e-03	2.0489000e-03	7.8164078e-01	7.1520000e-04	9.7180000e-04	7.1267451e-01	1.2250000e-03	1.4747000e-03	-7.0044712e-01	1.7250000e-03	1.9747000e-03	6.9775232e-01	0.0000000e+00
8.9680000e-04	1.1468000e-03	7.9697527e-01	1.3968000e-03	1.6468000e-03	-7.9697515e-01	1.8968000e-03	2.1468000e-03	7.9697516e-01	7.1830000e-04	9.7480000e-04	7.0701114e-01	1.2282000e-03	1.4777000e-03	-6.9278878e-01	1.7279000e-03	1.9776000e-03	6.9086816e-01	7.9890000e-04	1.0509000e-03	7.8350287e-01	1.3025000e-03	1.5520000e-03	-7.7376592e-01	1.8019000e-03	2.0518000e-03	7.7405316e-01	7.1830000e-04	9.7480000e-04	7.0700760e-01	1.2282000e-03	1.4777000e-03	-6.9278532e-01	1.7279000e-03	1.9776000e-03	6.9086470e-01	0.0000000e+00
8.9680000e-04	1.1468000e-03	7.9697527e-01	1.3968000e-03	1.6468000e-03	-7.9697515e-01	1.8968000e-03	2.1468000e-03	7.9697516e-01	7.2100000e-04	9.7730000e-04	7.0197976e-01	1.2308000e-03	1.4802000e-03	-6.8624462e-01	1.7302000e-03	1.9799000e-03	6.8508350e-01	8.0180000e-04	1.0535000e-03	7.7624682e-01	1.3049000e-03	1.5544000e-03	-7.6690663e-01	1.8042000e-03	2.0541000e-03	7.6764753e-01	7.2100000e-04	9.7730000e-04	7.0197625e-01	1.2308000e-03	1.4802000e-03	-6.8624119e-01	1.7302000e-03	1.9799000e-03	6.8508008e-01	2.1000000e+01
8.9680000e-04	1.1468000e-03	7.9697527e-01	1.3968000e-03	1.6468000e-03	-7.9697515e-01	1.8968000e-03	2.1468000e-03	7.9697516e-01	7.2430000e-04	9.8040000e-04	6.9529902e-01	1.2341000e-03	1.4832000e-03	-6.7790499e-01	1.7330000e-03	1.9828000e-03	6.7782300e-01	8.0540000e-04	1.0566000e-03	7.6672997e-01	1.3079000e-03	1.5573000e-03	-7.5831820e-01	1.8070000e-03	2.0570000e-03	7.5954484e-01	7.2430000e-04	9.8040000e-04	6.9529554e-01	1.2341000e-03	1.4832000e-03	-6.7790160e-01	1.7330000e-03	1.9828000e-03	6.7781961e-01	2.1000000e+01
8.9680000e-04	1.1468000e-03	7.9697527e-01	1.3968000e-03	1.6468000e-03	-7.9697515e-01	1.8968000e-03	2.1468000e-03	7.9697516e-01	7.2730000e-04	9.8320000e-04	6.8890349e-01	1.2369000e-03	1.4858000e-03	-6.7027193e-01	1.7355000e-03	1.9854000e-03	6.7126467e-01	8.0870000e-04	1.0594000e-03	7.5774634e-01	1.3104000e-03	1.5598000e-03	-7.5061143e-01	1.8096000e-03	2.0596000e-03	7.5214408e-01	7.2730000e-04	9.8320000e-04	6.8890004e-01	1.2369000e-03	1.4858000e-03	-6.7026858e-01	1.7355000e-03	1.9854000e-03	6.7126131e-01	2.1000000e+01
8.9680000e-04	1.1468000e-03	7.9697527e-01	1.3968000e-03	1.6468000e-03	-7.9697515e-01	1.8968000e-03	2.1468000e-03	7.9697516e-01	7.3010000e-04	9.8580000e-04	6.8273777e-01	1.2395000e-03	1.4882000e-03	-6.6321872e-01	1.7377000e-03	1.9877000e-03	6.6525598e-01	8.1170000e-04	1.0620000e-03	7.4920588e-01	1.3127000e-03	1.5622000e-03	-7.4362373e-01	1.8119000e-03	2.0620000e-03	7.4527500e-01	7.3010000e-04	9.8580000e-04	6.8273435e-01	1.2395000e-03	1.4882000e-03	-6.6321540e-01	1.7377000e-03	1.9877000e-03	6.6525266e-01	2.1000000e+01
8.9680000e-04	1.1468000e-03	7.9697527e-01	1.3968000e-03	1.6468000e-03	-7.9697515e-01	1.8968000e-03	2.1468000e-03	7.9697516e-01	7.3520000e-04	9.9030000e-04	6.7088659e-01	1.2440000e-03	1.4924000e-03	-6.5044900e-01	1.7416000e-03	1.9918000e-03	6.5442219e-01	8.1700000e-04	1.0664000e-03	7.3313916e-01	1.3165000e-03	1.5662000e-03	-7.3130202e-01	1.8161000e-03	2.0661000e-03	7.3261303e-01	7.3520000e-04	9.9030000e-04	6.7088323e-01	1.2440000e-03	1.4924000e-03	-6.5044575e-01	1.7416000e-03	1.9918000e-03	6.5441892e-01	2.2000000e+01
8.9680000e-04	1.1468000e-03	7.9697527e-01	1.3968000e-03	1.6468000e-03	-7.9697515e-01	1.8968000e-03	2.1468000e-03	7.9697516e-01	7.3670000e-04	9.9170000e-04	6.6709984e-01	1.2453000e-03	1.4937000e-03	-6.4657503e-01	1.7428000e-03	1.9930000e-03	6.5112520e-01	8.1860000e-04	1.0677000e-03	7.2810776e-01	1.3176000e-03	1.5674000e-03	-7.2764662e-01	1.8173000e-03	2.0674000e-03	7.2867533e-01	7.3670000e-04	9.9170000e-04	6.6709650e-01	1.2453000e-03	1.4937000e-03	-6.4657179e-01	1.7428000e-03	1.9930000e-03	6.5112194e-01	2.2000000e+01
8.9685259e-04	1.1467526e-03	7.9697526e-01	1.3968526e-03	1.6467526e-03	-7.9697514e-01	1.8968526e-03	2.1467526e-03	7.9697515e-01	6.3005259e-04	8.8235259e-04	3.1638170e-01	1.1334526e-03	1.3831526e-03	-3.1397086e-01	1.6330526e-03	1.8830526e-03	3.1428369e-01	7.7755259e-04	1.0267526e-03	5.0520126e-01	1.2764526e-03	1.5264526e-03	-5.0646819e-01	1.7765526e-03	2.0264526e-03	5.0630311e-01	6.3005259e-04	8.8235259e-04	3.1638011e-01	1.1334526e-03	1.3831526e-03	-3.1396929e-01	1.6330526e-03	1.8830526e-03	3.1428212e-01	-3.2000000e+01
8.9686090e-04	1.1467609e-03	7.9697527e-01	1.3968609e-03	1.6467609e-03	-7.9697514e-01	1.8968609e-03	2.1467609e-03	7.9697515e-01	6.3976090e-04	8.9226090e-04	3.6751971e-01	1.1433609e-03	1.3930609e-03	-3.6491376e-01	1.6429609e-03	1.8929609e-03	3.6518349e-01	7.7556090e-04	1.0250609e-03	5.3974252e-01	1.2748609e-03	1.5248609e-03	-5.4047591e-01	1.7749609e-03	2.0248609e-03	5.4039926e-01	6.3976090e-04	8.9226090e-04	3.6751787e-01	1.1433609e-03	1.3930609e-03	-3.6491194e-01	1.6429609e-03	1.8929609e-03	3.6518166e-01	-3.2000000e+01
8.9687953e-04	1.1467795e-03	7.9697528e-01	1.3968795e-03	1.6467795e-03	-7.9697515e-01	1.8968795e-03	2.1467795e-03	7.9697516e-01	6.6097953e-04	9.1417953e-04	4.7681353e-01	1.1653795e-03	1.4152795e-03	-4.7383408e-01	1.6652795e-03	1.9151795e-03	4.7382944e-01	7.7567953e-04	1.0258795e-03	6.1802829e-01	1.2760795e-03	1.5259795e-03	-6.1737167e-01	1.7759795e-03	2.0259795e-03	6.1741382e-01	6.6097953e-04	9.1417953e-04	4.7681114e-01	1.1653795e-03	1.4152795e-03	-4.7383171e-01	1.6652795e-03	1.9151795e-03	4.7382707e-01	-3.1000000e+01
8.9680000e-04	1.1468000e-03	7.9697527e-01	1.3968000e-03	1.6468000e-03	-7.9697515e-01	1.8968000e-03	2.1468000e-03	7.9697516e-01	6.8290000e-04	9.3740000e-04	5.8509225e-01	1.1891000e-03	1.4391000e-03	-5.8094352e-01	1.6892000e-03	1.9391000e-03	5.8015586e-01	7.8050000e-04	1.0317000e-03	6.9904642e-01	1.2824000e-03	1.5323000e-03	-6.9609728e-01	1.7823000e-03	2.0322000e-03	6.9603384e-01	6.8290000e-04	9.3740000e-04	5.8508932e-01	1.1891000e-03	1.4391000e-03	-5.8094061e-01	1.6892000e-03	1.9391000e-03	5.8015296e-01	-3.1000000e+01
8.9680000e-04	1.1468000e-03	7.9697527e-01	1.3968000e-03	1.6468000e-03	-7.9697515e-01	1.8968000e-03	2.1468000e-03	7.9697516e-01	6.8860000e-04	9.4340000e-04	6.1179153e-01	1.1953000e-03	1.4453000e-03	-6.0700653e-01	1.6955000e-03	1.9454000e-03	6.0588675e-01	7.8240000e-04	1.0338000e-03	7.1924544e-01	1.2847000e-03	1.5345000e-03	-7.1542871e-01	1.7846000e-03	2.0345000e-03	7.1527782e-01	6.8860000e-04	9.4340000e-04	6.1178847e-01	1.1953000e-03	1.4453000e-03	-6.0700350e-01	1.6955000e-03	1.9454000e-03	6.0588372e-01	-3.1000000e+01
8.9680000e-04	1.1468000e-03	7.9697527e-01	1.3968000e-03	1.6468000e-03	-7.9697515e-01	1.8968000e-03	2.1468000e-03	7.9697516e-01	6.9080000e-04	9.4590000e-04	6.2238187e-01	1.1978000e-03	1.4478000e-03	-6.1728384e-01	1.6981000e-03	1.9479000e-03	6.1601193e-01	7.8320000e-04	1.0348000e-03	7.2726275e-01	1.2857000e-03	1.5355000e-03	-7.2305197e-01	1.7856000e-03	2.0355000e-03	7.2285771e-01	6.9080000e-04	9.4590000e-04	6.2237876e-01	1.1978000e-03	1.4478000e-03	-6.1728075e-01	1.6981000e-03	1.9479000e-03	6.1600885e-01	-3.1000000e+01
8.9680000e-04	1.1468000e-03	7.9697527e-01	1.3968000e-03	1.6468000e-03	-7.9697515e-01	1.8968000e-03	2.1468000e-03	7.9697516e-01	7.0030000e-04	9.5600000e-04	6.6556847e-01	1.2084000e-03	1.4584000e-03	-6.5873910e-01	1.7087000e-03	1.9585000e-03	6.5670967e-01	7.8690000e-04	1.0389000e-03	7.5992473e-01	1.2902000e-03	1.5400000e-03	-7.5373936e-01	1.7900000e-03	2.0399000e-03	7.5331386e-01	7.0030000e-04	9.5600000e-04	6.6556515e-01	1.2084000e-03	1.4584000e-03	-6.5873581e-01	1.7087000e-03	1.9585000e-03	6.5670639e-01	3.1000000e+01
8.9680000e-04	1.1468000e-03	7.9697527e-01	1.3968000e-03	1.6468000e-03	-7.9697515e-01	1.8968000e-03	2.1468000e-03	7.9697516e-01	7.0740000e-04	9.6370000e-04	6.9683781e-01	1.2164000e-03	1.4664000e-03	-6.8817308e-01	1.7168000e-03	1.9665000e-03	6.8544208e-01	7.9000000e-04	1.0424000e-03	7.8347076e-01	1.2940000e-03	1.5437000e-03	-7.7539243e-01	1.7937000e-03	2.0436000e-03	7.7474644e-01	7.0740000e-04	9.6370000e-04	6.9683433e-01	1.2164000e-03	1.4664000e-03	-6.8816963e-01	1.7168000e-03	1.9665000e-03	6.8543866e-01	3.1000000e+01
8.9680000e-04	1.1468000e-03	7.9697527e-01	1.3968000e-03	1.6468000e-03	-7.9697515e-01	1.8968000e-03	2.1468000e-03	7.9697516e-01	7.1220000e-04	9.6880000e-04	7.1714951e-01	1.2218000e-03	1.4718000e-03	-7.0695486e-01	1.7222000e-03	1.9719000e-03	7.0369441e-01	7.9220000e-04	1.0449000e-03	7.9868051e-01	1.2967000e-03	1.5463000e-03	-7.8910757e-01	1.7963000e-03	2.0461000e-03	7.8829952e-01	7.1220000e-04	9.6880000e-04	7.1714592e-01	1.2218000e-03	1.4718000e-03	-7.0695133e-01	1.7222000e-03	1.9719000e-03	7.0369089e-01	0.0000000e+00
8.9680000e-04	1.1468000e-03	7.9697527e-01	1.3968000e-03	1.6468000e-03	-7.9697515e-01	1.8968000e-03	2.1468000e-03	7.9697516e-01	7.1810000e-04	9.7510000e-04	7.4137062e-01	1.2285000e-03	1.4784000e-03	-7.2892595e-01	1.7289000e-03	1.9785000e-03	7.2495925e-01	7.9500000e-04	1.0480000e-03	8.1669369e-01	1.3001000e-03	1.5496000e-03	-8.0500820e-01	1.7996000e-03	2.0494000e-03	8.0399838e-01	7.1810000e-04	9.7510000e-04	7.4136691e-01	1.2285000e-03	1.4784000e-03	-7.2892230e-01	1.7289000e-03	1.9785000e-03	7.2495562e-01	3.1000000e+01
8.9680000e-04	1.1468000e-03	7.9697527e-01	1.3968000e-03	1.6468000e-03	-7.9697515e-01	1.8968000e-03	2.1468000e-03	7.9697516e-01	7.2350000e-04	9.8090000e-04	7.6271348e-01	1.2346000e-03	1.4845000e-03	-7.4782756e-01	1.7350000e-03	1.9845000e-03	7.4317801e-01	7.9780000e-04	1.0510000e-03	8.3242100e-01	1.3034000e-03	1.5528000e-03	-8.1852232e-01	1.8028000e-03	2.0526000e-03	8.1734278e-01	7.2350000e-04	9.8090000e-04	7.6270966e-01	1.2346000e-03	1.4845000e-03	-7.4782382e-01	1.7350000e-03	1.9845000e-03	7.4317429e-01	3.1000000e+01
8.9680000e-04	1.1468000e-03	7.9697527e-01	1.3968000e-03	1.6468000e-03	-7.9697515e-01	1.8968000e-03	2.1468000e-03	7.9697516e-01	7.2860000e-04	9.8630000e-04	7.8199902e-01	1.2404000e-03	1.4901000e-03	-7.6446550e-01	1.7407000e-03	1.9902000e-03	7.5916258e-01	8.0040000e-04	1.0539000e-03	8.4648377e-01	1.3065000e-03	1.5558000e-03	-8.3025081e-01	1.8058000e-03	2.0555000e-03	8.2894467e-01	7.2860000e-04	9.8630000e-04	7.8199510e-01	1.2404000e-03	1.4901000e-03	-7.6446167e-01	1.7407000e-03	1.9902000e-03	7.5915878e-01	3.1000000e+01
8.9680000e-04	1.1468000e-03	7.9697527e-01	1.3968000e-03	1.6468000e-03	-7.9697515e-01	1.8968000e-03	2.1468000e-03	7.9697516e-01	7.3580000e-04	9.9400000e-04	8.0814398e-01	1.2487000e-03	1.4982000e-03	-7.8620865e-01	1.7487000e-03	1.9981000e-03	7.8000361e-01	8.0440000e-04	1.0582000e-03	8.6526136e-01	1.3112000e-03	1.5603000e-03	-8.4525841e-01	1.8102000e-03	2.0599000e-03	8.4387386e-01	7.3580000e-04	9.9400000e-04	8.0813994e-01	1.2487000e-03	1.4982000e-03	-7.8620472e-01	1.7487000e-03	1.9981000e-03	7.7999971e-01	3.1000000e+01
8.9680000e-04	1.1468000e-03	7.9697527e-01	1.3968000e-03	1.6468000e-03	-7.9697515e-01	1.8968000e-03	2.1468000e-03	7.9697516e-01	7.4260000e-04	1.0011000e-03	8.3074006e-01	1.2563000e-03	1.5056000e-03	-8.0407010e-01	1.7561000e-03	2.0053000e-03	7.9713733e-01	8.0820000e-04	1.0622000e-03	8.8114696e-01	1.3156000e-03	1.5645000e-03	-8.5720615e-01	1.8143000e-03	2.0639000e-03	8.5592203e-01	7.4260000e-04	1.0011000e-03	8.3073591e-01	1.2563000e-03	1.5056000e-03	-8.0406608e-01	1.7561000e-03	2.0053000e-03	7.9713335e-01	3.1000000e+01
8.9680000e-04	1.1468000e-03	7.9697527e-01	1.3968000e-03	1.6468000e-03	-7.9697515e-01	1.8968000e-03	2.1468000e-03	7.9697516e-01	7.4900000e-04	1.0079000e-03	8.5097644e-01	1.2636000e-03	1.5126000e-03	-8.1914140e-01	1.7630000e-03	2.0122000e-03	8.1169432e-01	8.1190000e-04	1.0662000e-03	8.9501722e-01	1.3200000e-03	1.5685000e-03	-8.6689098e-01	1.8182000e-03	2.0678000e-03	8.6593815e-01	7.4900000e-04	1.0079000e-03	8.5097218e-01	1.2636000e-03	1.5126000e-03	-8.1913730e-01	1.7630000e-03	2.0122000e-03	8.1169027e-01	3.1000000e+01
8.9680000e-04	1.1468000e-03	7.9697527e-01	1.3968000e-03	1.6468000e-03	-7.9697515e-01	1.8968000e-03	2.1468000e-03	7.9697516e-01	7.6190000e-04	1.0212000e-03	8.8633565e-01	1.2780000e-03	1.5263000e-03	-8.4258539e-01	1.7764000e-03	2.0253000e-03	8.3508297e-01	8.1970000e-04	1.0742000e-03	9.1806964e-01	1.3287000e-03	1.5766000e-03	-8.8065374e-01	1.8259000e-03	2.0755000e-03	8.8138667e-01	7.6190000e-04	1.0212000e-03	8.8633121e-01	1.2780000e-03	1.5263000e-03	-8.4258118e-01	1.7764000e-03	2.0253000e-03	8.3507879e-01	3.2000000e+01
8.9680000e-04	1.1468000e-03	7.9697527e-01	1.3968000e-03	1.6468000e-03	-7.9697515e-01	1.8968000e-03	2.1468000e-03	7.9697516e-01	7.6640000e-04	1.0258000e-03	8.9703521e-01	1.2830000e-03	1.5309000e-03	-8.4867701e-01	1.7808000e-03	2.0297000e-03	8.4159866e-01	8.2250000e-04	1.0770000e-03	9.2460858e-01	1.3318000e-03	1.5794000e-03	-8.8372642e-01	1.8285000e-03	2.0781000e-03	8.8547785e-01	7.6640000e-04	1.0258000e-03	8.9703072e-01	1.2830000e-03	1.5309000e-03	-8.4867276e-01	1.7808000e-03	2.0297000e-03	8.4159446e-01	3.2000000e+01
8.2790000e-04	1.0779000e-03	4.7001691e-01	1.3279000e-03	1.5779000e-03	-4.7001691e-01	1.8279000e-03	2.0779000e-03	4.7001691e-01	6.4700000e-04	9.0110000e-04	4.1540982e-01	1.1518000e-03	1.4026000e-03	-4.1769511e-01	1.6533000e-03	1.9031000e-03	4.1554829e-01	7.2310000e-04	9.7590000e-04	4.6832662e-01	1.2271000e-03	1.4772000e-03	-4.6626090e-01	1.7275000e-03	1.9773000e-03	4.6517562e-01	6.4700000e-04	9.0110000e-04	4.1540774e-01	1.1518000e-03	1.4026000e-03	-4.1769302e-01	1.6533000e-03	1.9031000e-03	4.1554621e-01	-4.2000000e+01
8.3690000e-04	1.0868000e-03	5.1876978e-01	1.3369000e-03	1.5868000e-03	-5.1876978e-01	1.8369000e-03	2.0868000e-03	5.1876978e-01	6.5540000e-04	9.0990000e-04	4.5986002e-01	1.1609000e-03	1.4116000e-03	-4.6090287e-01	1.6623000e-03	1.9120000e-03	4.5859685e-01	7.3210000e-04	9.8490000e-04	5.1737340e-01	1.2362000e-03	1.4862000e-03	-5.1448857e-01	1.7364000e-03	1.9862000e-03	5.1340965e-01	6.5540000e-04	9.0990000e-04	4.5985772e-01	1.1609000e-03	1.4116000e-03	-4.6090057e-01	1.6623000e-03	1.9120000e-03	4.5859456e-01	-4.2000000e+01
8.5540000e-04	1.1054000e-03	6.1473693e-01	1.3554000e-03	1.6054000e-03	-6.1473694e-01	1.8554000e-03	2.1054000e-03	6.1473694e-01	6.7300000e-04	9.2810000e-04	5.4801687e-01	1.1799000e-03	1.4303000e-03	-5.4592709e-01	1.6809000e-03	1.9306000e-03	5.4330847e-01	7.5080000e-04	1.0035000e-03	6.1418823e-01	1.2549000e-03	1.5048000e-03	-6.0936930e-01	1.7550000e-03	2.0048000e-03	6.0834543e-01	6.7300000e-04	9.2810000e-04	5.4801413e-01	1.1799000e-03	1.4303000e-03	-5.4592436e-01	1.6809000e-03	1.9306000e-03	5.4330575e-01	-4.1000000e+01
8.7530000e-04	1.1252000e-03	7.0800520e-01	1.3753000e-03	1.6252000e-03	-7.0800520e-01	1.8753000e-03	2.1252000e-03	7.0800520e-01	6.9170000e-04	9.4770000e-04	6.3447396e-01	1.2001000e-03	1.4502000e-03	-6.2854287e-01	1.7007000e-03	1.9504000e-03	6.2560551e-01	7.7070000e-04	1.0233000e-03	7.0862065e-01	1.2750000e-03	1.5247000e-03	-7.0152633e-01	1.7748000e-03	2.0246000e-03	7.0059822e-01	6.9170000e-04	9.4770000e-04	6.3447078e-01	1.2001000e-03	1.4502000e-03	-6.2853973e-01	1.7007000e-03	1.9504000e-03	6.2560239e-01	-4.1000000e+01
8.7790000e-04	1.1279000e-03	7.1982399e-01	1.3779000e-03	1.6279000e-03	-7.1982399e-01	1.8779000e-03	2.1279000e-03	7.1982399e-01	6.9430000e-04	9.5030000e-04	6.4548054e-01	1.2028000e-03	1.4529000e-03	-6.3901169e-01	1.7034000e-03	1.9531000e-03	6.3603195e-01	7.7330000e-04	1.0260000e-03	7.2061062e-01	1.2777000e-03	1.5274000e-03	-7.1320115e-01	1.7775000e-03	2.0273000e-03	7.1228742e-01	6.9430000e-04	9.5030000e-04	6.4547732e-01	1.2028000e-03	1.4529000e-03	-6.3900849e-01	1.7034000e-03	1.9531000e-03	6.3602877e-01	-4.1000000e+01
8.7950000e-04	1.1295000e-03	7.2671055e-01	1.3795000e-03	1.6295000e-03	-7.2671055e-01	1.8795000e-03	2.1295000e-03	7.2671055e-01	6.9580000e-04	9.5190000e-04	6.5189883e-01	1.2044000e-03	1.4545000e-03	-6.4511170e-01	1.7050000e-03	1.9547000e-03	6.4210700e-01	7.7490000e-04	1.0276000e-03	7.2759935e-01	1.2793000e-03	1.5290000e-03	-7.2000354e-01	1.7791000e-03	2.0289000e-03	7.1909837e-01	6.9580000e-04	9.5190000e-04	6.5189557e-01	1.2044000e-03	1.4545000e-03	-6.4510848e-01	1.7050000e-03	1.9547000e-03	6.4210379e-01	-4.1000000e+01
8.9000000e-04	1.1400000e-03	7.7039764e-01	1.3900000e-03	1.6400000e-03	-7.7039758e-01	1.8900000e-03	2.1400000e-03	7.7039758e-01	7.0580000e-04	9.6220000e-04	6.9269852e-01	1.2150000e-03	1.4651000e-03	-6.8381060e-01	1.7155000e-03	1.9652000e-03	6.8064246e-01	7.8540000e-04	1.0381000e-03	7.7197566e-01	1.2899000e-03	1.5395000e-03	-7.6315226e-01	1.7896000e-03	2.0394000e-03	7.6230413e-01	7.0580000e-04	9.6220000e-04	6.9269505e-01	1.2150000e-03	1.4651000e-03	-6.8380718e-01	1.7155000e-03	1.9652000e-03	6.8063906e-01	4.1000000e+01
8.9390000e-04	1.1439000e-03	7.8579838e-01	1.3939000e-03	1.6439000e-03	-7.8579829e-01	1.8939000e-03	2.1439000e-03	7.8579830e-01	7.0950000e-04	9.6610000e-04	7.0711426e-01	1.2190000e-03	1.4690000e-03	-6.9745385e-01	1.7194000e-03	1.9691000e-03	6.9422573e-01	7.8930000e-04	1.0420000e-03	7.8763613e-01	1.2938000e-03	1.5434000e-03	-7.7836163e-01	1.7935000e-03	2.0433000e-03	7.7753451e-01	7.0950000e-04	9.6610000e-04	7.0711072e-01	1.2190000e-03	1.4690000e-03	-6.9745037e-01	1.7194000e-03	1.9691000e-03	6.9422226e-01	0.0000000e+00
8.9850000e-04	1.1484000e-03	8.0309512e-01	1.3985000e-03	1.6484000e-03	-8.0309497e-01	1.8985000e-03	2.1484000e-03	8.0309498e-01	7.1390000e-04	9.7050000e-04	7.2332418e-01	1.2236000e-03	1.4735000e-03	-7.1277750e-01	1.7240000e-03	1.9736000e-03	7.0948037e-01	7.9380000e-04	1.0465000e-03	8.0523478e-01	1.2984000e-03	1.5479000e-03	-7.9544253e-01	1.7980000e-03	2.0478000e-03	7.9463946e-01	7.1390000e-04	9.7050000e-04	7.2332056e-01	1.2236000e-03	1.4735000e-03	-7.1277393e-01	1.7240000e-03	1.9736000e-03	7.0947682e-01	4.1000000e+01
9.0130000e-04	1.1512000e-03	8.1355009e-01	1.4013000e-03	1.6512000e-03	-8.1354989e-01	1.9013000e-03	2.1512000e-03	8.1354991e-01	7.1660000e-04	9.7330000e-04	7.3313188e-01	1.2264000e-03	1.4764000e-03	-7.2204034e-01	1.7268000e-03	1.9765000e-03	7.1870064e-01	7.9670000e-04	1.0494000e-03	8.1587744e-01	1.3012000e-03	1.5508000e-03	-8.0576674e-01	1.8008000e-03	2.0507000e-03	8.0497829e-01	7.1660000e-04	9.7330000e-04	7.3312821e-01	1.2264000e-03	1.4764000e-03	-7.2203673e-01	1.7268000e-03	1.9765000e-03	7.1869705e-01	4.1000000e+01
9.0430000e-04	1.1543000e-03	8.2456452e-01	1.4043000e-03	1.6543000e-03	-8.2456425e-01	1.9043000e-03	2.1543000e-03	8.2456428e-01	7.1950000e-04	9.7630000e-04	7.4347193e-01	1.2295000e-03	1.4794000e-03	-7.3179926e-01	1.7299000e-03	1.9795000e-03	7.2841390e-01	7.9970000e-04	1.0524000e-03	8.2709381e-01	1.3043000e-03	1.5538000e-03	-8.1664305e-01	1.8039000e-03	2.0537000e-03	8.1587020e-01	7.1950000e-04	9.7630000e-04	7.4346821e-01	1.2295000e-03	1.4794000e-03	-7.3179560e-01	1.7299000e-03	1.9795000e-03	7.2841026e-01	4.1000000e+01
9.0850000e-04	1.1584000e-03	8.3890547e-01	1.4085000e-03	1.6584000e-03	-8.3890508e-01	1.9085000e-03	2.1584000e-03	8.3890513e-01	7.2340000e-04	9.8040000e-04	7.5694614e-01	1.2337000e-03	1.4836000e-03	-7.4450627e-01	1.7340000e-03	1.9836000e-03	7.4106022e-01	8.0380000e-04	1.0565000e-03	8.4170403e-01	1.3084000e-03	1.5580000e-03	-8.3080386e-01	1.8080000e-03	2.0578000e-03	8.3005131e-01	7.2340000e-04	9.8040000e-04	7.5694235e-01	1.2337000e-03	1.4836000e-03	-7.4450255e-01	1.7340000e-03	1.9836000e-03	7.4105651e-01	4.1000000e+01
9.1350000e-04	1.1634000e-03	8.5571261e-01	1.4135000e-03	1.6634000e-03	-8.5571201e-01	1.9135000e-03	2.1634000e-03	8.5571210e-01	7.2830000e-04	9.8540000e-04	7.7275297e-01	1.2388000e-03	1.4886000e-03	-7.5939975e-01	1.7390000e-03	1.9887000e-03	7.5588066e-01	8.0880000e-04	1.0615000e-03	8.5883572e-01	1.3135000e-03	1.5630000e-03	-8.4739949e-01	1.8130000e-03	2.0629000e-03	8.4667072e-01	7.2830000e-04	9.8540000e-04	7.7274910e-01	1.2388000e-03	1.4886000e-03	-7.5939596e-01	1.7390000e-03	1.9887000e-03	7.5587688e-01	4.1000000e+01
9.1770000e-04	1.1677000e-03	8.6912406e-01	1.4177000e-03	1.6677000e-03	-8.6912323e-01	1.9177000e-03	2.1677000e-03	8.6912337e-01	7.3230000e-04	9.8950000e-04	7.8537754e-01	1.2430000e-03	1.4928000e-03	-7.7128517e-01	1.7432000e-03	1.9929000e-03	7.6770623e-01	8.1300000e-04	1.0658000e-03	8.7251301e-01	1.3177000e-03	1.5672000e-03	-8.6064186e-01	1.8172000e-03	2.0671000e-03	8.5993205e-01	7.3230000e-04	9.8950000e-04	7.8537361e-01	1.2430000e-03	1.4928000e-03	-7.7128131e-01	1.7432000e-03	1.9929000e-03	7.6770240e-01	4.1000000e+01
9.1840000e-04	1.1684000e-03	8.7129481e-01	1.4184000e-03	1.6684000e-03	-8.7129393e-01	1.9184000e-03	2.1684000e-03	8.7129408e-01	7.3300000e-04	9.9020000e-04	7.8742184e-01	1.2437000e-03	1.4935000e-03	-7.7320901e-01	1.7440000e-03	1.9936000e-03	7.6962025e-01	8.1370000e-04	1.0665000e-03	8.7472735e-01	1.3184000e-03	1.5679000e-03	-8.6278523e-01	1.8179000e-03	2.0678000e-03	8.6207847e-01	7.3300000e-04	9.9020000e-04	7.8741790e-01	1.2437000e-03	1.4935000e-03	-7.7320514e-01	1.7440000e-03	1.9936000e-03	7.6961640e-01	4.1000000e+01
9.2840000e-04	1.1783000e-03	9.0036227e-01	1.4284000e-03	1.6783000e-03	-9.0036053e-01	1.9284000e-03	2.1783000e-03	9.0036091e-01	7.4270000e-04	1.0001000e-03	8.1481837e-01	1.2538000e-03	1.5036000e-03	-7.9897316e-01	1.7540000e-03	2.0036000e-03	7.9524880e-01	8.2370000e-04	1.0764000e-03	9.0439308e-01	1.3285000e-03	1.5779000e-03	-8.9148588e-01	1.8279000e-03	2.0778000e-03	8.9081930e-01	7.4270000e-04	1.0001000e-03	8.1481429e-01	1.2538000e-03	1.5036000e-03	-7.9896917e-01	1.7540000e-03	2.0036000e-03	7.9524483e-01	4.2000000e+01
9.3000000e-04	1.1799000e-03	9.0466818e-01	1.4300000e-03	1.6799000e-03	-9.0466626e-01	1.9300000e-03	2.1799000e-03	9.0466669e-01	7.4420000e-04	1.0017000e-03	8.1888003e-01	1.2554000e-03	1.5052000e-03	-8.0279020e-01	1.7555000e-03	2.0052000e-03	7.9904509e-01	8.2530000e-04	1.0780000e-03	9.0878986e-01	1.3301000e-03	1.5795000e-03	-8.9573744e-01	1.8295000e-03	2.0794000e-03	8.9507666e-01	7.4420000e-04	1.0017000e-03	8.1887593e-01	1.2554000e-03	1.5052000e-03	-8.0278618e-01	1.7555000e-03	2.0052000e-03	7.9904110e-01	4.2000000e+01
8.9685405e-04	1.1467541e-03	7.9697526e-01	1.3968541e-03	1.6467541e-03	-7.9697514e-01	1.8968541e-03	2.1467541e-03	7.9697515e-01	6.2915405e-04	8.8015405e-04	4.5478678e-01	1.1295541e-03	1.3797541e-03	-4.5738652e-01	1.6298541e-03	1.8798541e-03	4.5736056e-01	7.0365405e-04	9.5415405e-04	5.1100998e-01	1.2039541e-03	1.4540541e-03	-5.1210813e-01	1.7041541e-03	1.9540541e-03	5.1208567e-01	6.2915405e-04	8.8015405e-04	4.5478451e-01	1.1295541e-03	1.3797541e-03	-4.5738423e-01	1.6298541e-03	1.8798541e-03	4.5735827e-01	-5.2000000e+01
8.9686076e-04	1.1467608e-03	7.9697527e-01	1.3968608e-03	1.6467608e-03	-7.9697514e-01	1.8968608e-03	2.1467608e-03	7.9697515e-01	6.3976076e-04	8.9136076e-04	4.9570091e-01	1.1409608e-03	1.3912608e-03	-4.9888314e-01	1.6413608e-03	1.8913608e-03	4.9876462e-01	7.1466076e-04	9.6546076e-04	5.5726362e-01	1.2154608e-03	1.4655608e-03	-5.5851574e-01	1.7156608e-03	1.9655608e-03	5.5843351e-01	6.3976076e-04	8.9136076e-04	4.9569843e-01	1.1409608e-03	1.3912608e-03	-4.9888064e-01	1.6413608e-03	1.8913608e-03	4.9876213e-01	-5.2000000e+01
8.9687906e-04	1.1467791e-03	7.9697528e-01	1.3968791e-03	1.6467791e-03	-7.9697515e-01	1.8968791e-03	2.1467791e-03	7.9697516e-01	6.6457906e-04	9.1807906e-04	5.8510459e-01	1.1683791e-03	1.4187791e-03	-5.8809970e-01	1.6691791e-03	1.9190791e-03	5.8729757e-01	7.4077906e-04	9.9267906e-04	6.5767913e-01	1.2430791e-03	1.4931791e-03	-6.5798788e-01	1.7433791e-03	1.9933791e-03	6.5750737e-01	6.6457906e-04	9.1807906e-04	5.8510166e-01	1.1683791e-03	1.4187791e-03	-5.8809676e-01	1.6691791e-03	1.9190791e-03	5.8729464e-01	-5.1000000e+01
8.9680000e-04	1.1468000e-03	7.9697527e-01	1.3968000e-03	1.6468000e-03	-7.9697515e-01	1.8968000e-03	2.1468000e-03	7.9697516e-01	6.8860000e-04	9.4390000e-04	6.5962419e-01	1.1954000e-03	1.4458000e-03	-6.5848783e-01	1.6963000e-03	1.9461000e-03	6.5630418e-01	7.6650000e-04	1.0191000e-03	7.3930112e-01	1.2703000e-03	1.5203000e-03	-7.3583705e-01	1.7705000e-03	2.0204000e-03	7.3476114e-01	6.8860000e-04	9.4390000e-04	6.5962089e-01	1.1954000e-03	1.4458000e-03	-6.5848454e-01	1.6963000e-03	1.9461000e-03	6.5630090e-01	-5.1000000e+01
8.9680000e-04	1.1468000e-03	7.9697527e-01	1.3968000e-03	1.6468000e-03	-7.9697515e-01	1.8968000e-03	2.1468000e-03	7.9697516e-01	6.9070000e-04	9.4610000e-04	6.6550745e-01	1.1978000e-03	1.4482000e-03	-6.6376205e-01	1.6987000e-03	1.9485000e-03	6.6144257e-01	7.6880000e-04	1.0215000e-03	7.4557921e-01	1.2727000e-03	1.5227000e-03	-7.4163500e-01	1.7729000e-03	2.0227000e-03	7.4052398e-01	6.9070000e-04	9.4610000e-04	6.6550412e-01	1.1978000e-03	1.4482000e-03	-6.6375873e-01	1.6987000e-03	1.9485000e-03	6.6143926e-01	-5.1000000e+01
8.9680000e-04	1.1468000e-03	7.9697527e-01	1.3968000e-03	1.6468000e-03	-7.9697515e-01	1.8968000e-03	2.1468000e-03	7.9697516e-01	6.9430000e-04	9.4990000e-04	6.7511762e-01	1.2018000e-03	1.4522000e-03	-6.7225309e-01	1.7027000e-03	1.9525000e-03	6.6971118e-01	7.7270000e-04	1.0254000e-03	7.5575482e-01	1.2767000e-03	1.5267000e-03	-7.5095767e-01	1.7768000e-03	2.0267000e-03	7.4980514e-01	6.9430000e-04	9.4990000e-04	6.7511425e-01	1.2018000e-03	1.4522000e-03	-6.7224973e-01	1.7027000e-03	1.9525000e-03	6.6970783e-01	-5.1000000e+01
8.9680000e-04	1.1468000e-03	7.9697527e-01	1.3968000e-03	1.6468000e-03	-7.9697515e-01	1.8968000e-03	2.1468000e-03	7.9697516e-01	7.0470000e-04	9.6090000e-04	7.0084499e-01	1.2134000e-03	1.4636000e-03	-6.9407356e-01	1.7141000e-03	1.9638000e-03	6.9099464e-01	7.8390000e-04	1.0367000e-03	7.8237399e-01	1.2883000e-03	1.5381000e-03	-7.7485901e-01	1.7882000e-03	2.0380000e-03	7.7376413e-01	7.0470000e-04	9.6090000e-04	7.0084149e-01	1.2134000e-03	1.4636000e-03	-6.9407009e-01	1.7141000e-03	1.9638000e-03	6.9099118e-01	5.1000000e+01
8.9680000e-04	1.1468000e-03	7.9697527e-01	1.3968000e-03	1.6468000e-03	-7.9697515e-01	1.8968000e-03	2.1468000e-03	7.9697516e-01	7.0900000e-04	9.6550000e-04	7.1061724e-01	1.2183000e-03	1.4684000e-03	-7.0193159e-01	1.7188000e-03	1.9685000e-03	6.9871377e-01	7.8860000e-04	1.0414000e-03	7.9216723e-01	1.2931000e-03	1.5428000e-03	-7.8345794e-01	1.7929000e-03	2.0427000e-03	7.8249442e-01	7.0900000e-04	9.6550000e-04	7.1061369e-01	1.2183000e-03	1.4684000e-03	-7.0192808e-01	1.7188000e-03	1.9685000e-03	6.9871027e-01	0.0000000e+00
8.9680000e-04	1.1468000e-03	7.9697527e-01	1.3968000e-03	1.6468000e-03	-7.9697515e-01	1.8968000e-03	2.1468000e-03	7.9697516e-01	7.1380000e-04	9.7050000e-04	7.2064951e-01	1.2236000e-03	1.4735000e-03	-7.0968613e-01	1.7239000e-03	1.9736000e-03	7.0640572e-01	7.9390000e-04	1.0465000e-03	8.0196792e-01	1.2984000e-03	1.5479000e-03	-7.9195538e-01	1.7979000e-03	2.0478000e-03	7.9122962e-01	7.1380000e-04	9.7050000e-04	7.2064591e-01	1.2236000e-03	1.4735000e-03	-7.0968258e-01	1.7239000e-03	1.9736000e-03	7.0640219e-01	0.0000000e+00
8.9680000e-04	1.1468000e-03	7.9697527e-01	1.3968000e-03	1.6468000e-03	-7.9697515e-01	1.8968000e-03	2.1468000e-03	7.9697516e-01	7.1760000e-04	9.7440000e-04	7.2801076e-01	1.2278000e-03	1.4775000e-03	-7.1513768e-01	1.7279000e-03	1.9776000e-03	7.1189180e-01	7.9800000e-04	1.0505000e-03	8.0895232e-01	1.3024000e-03	1.5519000e-03	-7.9795047e-01	1.8019000e-03	2.0517000e-03	7.9748956e-01	7.1760000e-04	9.7440000e-04	7.2800712e-01	1.2278000e-03	1.4775000e-03	-7.1513410e-01	1.7279000e-03	1.9776000e-03	7.1188824e-01	5.1000000e+01
8.9680000e-04	1.1468000e-03	7.9697527e-01	1.3968000e-03	1.6468000e-03	-7.9697515e-01	1.8968000e-03	2.1468000e-03	7.9697516e-01	7.2090000e-04	9.7780000e-04	7.3407208e-01	1.2314000e-03	1.4811000e-03	-7.1944801e-01	1.7314000e-03	1.9810000e-03	7.1630551e-01	8.0160000e-04	1.0541000e-03	8.1453732e-01	1.3060000e-03	1.5554000e-03	-8.0271675e-01	1.8053000e-03	2.0552000e-03	8.0254971e-01	7.2090000e-04	9.7780000e-04	7.3406841e-01	1.2314000e-03	1.4811000e-03	-7.1944441e-01	1.7314000e-03	1.9810000e-03	7.1630193e-01	5.1000000e+01
8.9680000e-04	1.1468000e-03	7.9697527e-01	1.3968000e-03	1.6468000e-03	-7.9697515e-01	1.8968000e-03	2.1468000e-03	7.9697516e-01	7.2330000e-04	9.8020000e-04	7.3804484e-01	1.2339000e-03	1.4835000e-03	-7.2217252e-01	1.7338000e-03	1.9834000e-03	7.1914720e-01	8.0410000e-04	1.0565000e-03	8.1809863e-01	1.3085000e-03	1.5578000e-03	-8.0574982e-01	1.8077000e-03	2.0576000e-03	8.0582135e-01	7.2330000e-04	9.8020000e-04	7.3804115e-01	1.2339000e-03	1.4835000e-03	-7.2216891e-01	1.7338000e-03	1.9834000e-03	7.1914360e-01	5.1000000e+01
8.9680000e-04	1.1468000e-03	7.9697527e-01	1.3968000e-03	1.6468000e-03	-7.9697515e-01	1.8968000e-03	2.1468000e-03	7.9697516e-01	7.3060000e-04	9.8760000e-04	7.4921888e-01	1.2417000e-03	1.4910000e-03	-7.2931008e-01	1.7411000e-03	1.9907000e-03	7.2693054e-01	8.1210000e-04	1.0641000e-03	8.2754852e-01	1.3160000e-03	1.5652000e-03	-8.1384952e-01	1.8149000e-03	2.0648000e-03	8.1485381e-01	7.3060000e-04	9.8760000e-04	7.4921513e-01	1.2417000e-03	1.4910000e-03	-7.2930643e-01	1.7411000e-03	1.9907000e-03	7.2692690e-01	5.1000000e+01
8.9680000e-04	1.1468000e-03	7.9697527e-01	1.3968000e-03	1.6468000e-03	-7.9697515e-01	1.8968000e-03	2.1468000e-03	7.9697516e-01	7.3270000e-04	9.8970000e-04	7.5205263e-01	1.2440000e-03	1.4931000e-03	-7.3096827e-01	1.7431000e-03	1.9928000e-03	7.2886039e-01	8.1440000e-04	1.0662000e-03	8.2976651e-01	1.3181000e-03	1.5673000e-03	-8.1579216e-01	1.8170000e-03	2.0669000e-03	8.1711306e-01	7.3270000e-04	9.8970000e-04	7.5204887e-01	1.2440000e-03	1.4931000e-03	-7.3096461e-01	1.7431000e-03	1.9928000e-03	7.2885675e-01	5.1000000e+01
8.9680000e-04	1.1468000e-03	7.9697527e-01	1.3968000e-03	1.6468000e-03	-7.9697515e-01	1.8968000e-03	2.1468000e-03	7.9697516e-01	7.3950000e-04	9.9650000e-04	7.6008332e-01	1.2511000e-03	1.4999000e-03	-7.3520035e-01	1.7497000e-03	1.9993000e-03	7.3427314e-01	8.2180000e-04	1.0731000e-03	8.3542823e-01	1.3249000e-03	1.5739000e-03	-8.2102389e-01	1.8235000e-03	2.0735000e-03	8.2349788e-01	7.3950000e-04	9.9650000e-04	7.6007952e-01	1.2511000e-03	1.4999000e-03	-7.3519667e-01	1.7497000e-03	1.9993000e-03	7.3426947e-01	5.1000000e+01
8.9680000e-04	1.1468000e-03	7.9697527e-01	1.3968000e-03	1.6468000e-03	-7.9697515e-01	1.8968000e-03	2.1468000e-03	7.9697516e-01	7.4770000e-04	1.0046000e-03	7.6732687e-01	1.2595000e-03	1.5078000e-03	-7.3808592e-01	1.7572000e-03	2.0070000e-03	7.3924229e-01	8.3070000e-04	1.0813000e-03	8.3907946e-01	1.3328000e-03	1.5817000e-03	-8.2539290e-01	1.8311000e-03	2.0812000e-03	8.2940135e-01	7.4770000e-04	1.0046000e-03	7.6732303e-01	1.2595000e-03	1.5078000e-03	-7.3808223e-01	1.7572000e-03	2.0070000e-03	7.3923859e-01	5.2000000e+01
8.9680000e-04	1.1468000e-03	7.9697527e-01	1.3968000e-03	1.6468000e-03	-7.9697515e-01	1.8968000e-03	2.1468000e-03	7.9697516e-01	7.5070000e-04	1.0074000e-03	7.6923449e-01	1.2624000e-03	1.5105000e-03	-7.3856634e-01	1.7599000e-03	2.0097000e-03	7.4064299e-01	8.3390000e-04	1.0842000e-03	8.3952840e-01	1.3355000e-03	1.5844000e-03	-8.2650983e-01	1.8337000e-03	2.0839000e-03	8.3105270e-01	7.5070000e-04	1.0074000e-03	7.6923064e-01	1.2624000e-03	1.5105000e-03	-7.3856265e-01	1.7599000e-03	2.0097000e-03	7.4063929e-01	5.2000000e+01
8.9685379e-04	1.1467538e-03	7.9697526e-01	1.3968538e-03	1.6467538e-03	-7.9697514e-01	1.8968538e-03	2.1467538e-03	7.9697515e-01	6.2875379e-04	8.7965379e-04	4.5309621e-01	1.1291538e-03	1.3792538e-03	-4.5566867e-01	1.6293538e-03	1.8793538e-03	4.5564493e-01	7.7035379e-04	1.0208538e-03	7.2398987e-01	1.2710538e-03	1.5210538e-03	-7.2410287e-01	1.7710538e-03	2.0210538e-03	7.2404928e-01	6.2875379e-04	8.7965379e-04	4.5309394e-01	1.1291538e-03	1.3792538e-03	-4.5566639e-01	1.6293538e-03	1.8793538e-03	4.5564265e-01	-6.2000000e+01
8.9686214e-04	1.1467621e-03	7.9697527e-01	1.3968621e-03	1.6467621e-03	-7.9697514e-01	1.8968621e-03	2.1467621e-03	7.9697516e-01	6.4186214e-04	8.9356214e-04	5.0354347e-01	1.1432621e-03	1.3934621e-03	-5.0681054e-01	1.6436621e-03	1.8936621e-03	5.0666314e-01	7.7276214e-04	1.0236621e-03	7.4183974e-01	1.2738621e-03	1.5238621e-03	-7.4179795e-01	1.7739621e-03	2.0239621e-03	7.4166395e-01	6.4186214e-04	8.9356214e-04	5.0354095e-01	1.1432621e-03	1.3934621e-03	-5.0680801e-01	1.6436621e-03	1.8936621e-03	5.0666061e-01	-6.2000000e+01
8.9688021e-04	1.1467802e-03	7.9697528e-01	1.3968802e-03	1.6467802e-03	-7.9697515e-01	1.8968802e-03	2.1467802e-03	7.9697516e-01	6.6598021e-04	9.1958021e-04	5.8973069e-01	1.1698802e-03	1.4203802e-03	-5.9261403e-01	1.6706802e-03	1.9205802e-03	5.9174966e-01	7.7848021e-04	1.0300802e-03	7.7005464e-01	1.2806802e-03	1.5306802e-03	-7.6872221e-01	1.7807802e-03	2.0307802e-03	7.6825312e-01	6.6598021e-04	9.1958021e-04	5.8972774e-01	1.1698802e-03	1.4203802e-03	-5.9261107e-01	1.6706802e-03	1.9205802e-03	5.9174670e-01	-6.1000000e+01
8.9680000e-04	1.1468000e-03	7.9697527e-01	1.3968000e-03	1.6468000e-03	-7.9697515e-01	1.8968000e-03	2.1468000e-03	7.9697516e-01	6.8760000e-04	9.4280000e-04	6.5674191e-01	1.1942000e-03	1.4447000e-03	-6.5588451e-01	1.6952000e-03	1.9450000e-03	6.5376687e-01	7.8450000e-04	1.0367000e-03	7.8830916e-01	1.2879000e-03	1.5378000e-03	-7.8409434e-01	1.7879000e-03	2.0378000e-03	7.8320656e-01	6.8760000e-04	9.4280000e-04	6.5673862e-01	1.1942000e-03	1.4447000e-03	-6.5588123e-01	1.6952000e-03	1.9450000e-03	6.5376360e-01	-6.1000000e+01
8.9680000e-04	1.1468000e-03	7.9697527e-01	1.3968000e-03	1.6468000e-03	-7.9697515e-01	1.8968000e-03	2.1468000e-03	7.9697516e-01	6.9400000e-04	9.4960000e-04	6.7428088e-01	1.2014000e-03	1.4518000e-03	-6.7152038e-01	1.7023000e-03	1.9521000e-03	6.6899773e-01	7.8650000e-04	1.0388000e-03	7.9218848e-01	1.2901000e-03	1.5400000e-03	-7.8676618e-01	1.7901000e-03	2.0400000e-03	7.8579635e-01	6.9400000e-04	9.4960000e-04	6.7427751e-01	1.2014000e-03	1.4518000e-03	-6.7151703e-01	1.7023000e-03	1.9521000e-03	6.6899438e-01	-6.1000000e+01
8.9680000e-04	1.1468000e-03	7.9697527e-01	1.3968000e-03	1.6468000e-03	-7.9697515e-01	1.8968000e-03	2.1468000e-03	7.9697516e-01	6.9470000e-04	9.5040000e-04	6.7611884e-01	1.2022000e-03	1.4526000e-03	-6.7312833e-01	1.7031000e-03	1.9529000e-03	6.7056343e-01	7.8670000e-04	1.0391000e-03	7.9256536e-01	1.2904000e-03	1.5402000e-03	-7.8700248e-01	1.7904000e-03	2.0402000e-03	7.8602657e-01	6.9470000e-04	9.5040000e-04	6.7611546e-01	1.2022000e-03	1.4526000e-03	-6.7312497e-01	1.7031000e-03	1.9529000e-03	6.7056007e-01	-6.1000000e+01
8.9680000e-04	1.1468000e-03	7.9697527e-01	1.3968000e-03	1.6468000e-03	-7.9697515e-01	1.8968000e-03	2.1468000e-03	7.9697516e-01	7.0060000e-04	9.5670000e-04	6.9124371e-01	1.2089000e-03	1.4592000e-03	-6.8610430e-01	1.7097000e-03	1.9595000e-03	6.8320703e-01	7.8850000e-04	1.0410000e-03	7.9541604e-01	1.2925000e-03	1.5423000e-03	-7.8858286e-01	1.7924000e-03	2.0423000e-03	7.8758637e-01	7.0060000e-04	9.5670000e-04	6.9124025e-01	1.2089000e-03	1.4592000e-03	-6.8610087e-01	1.7097000e-03	1.9595000e-03	6.8320361e-01	6.1000000e+01
8.9680000e-04	1.1468000e-03	7.9697527e-01	1.3968000e-03	1.6468000e-03	-7.9697515e-01	1.8968000e-03	2.1468000e-03	7.9697516e-01	7.0700000e-04	9.6330000e-04	7.0609766e-01	1.2160000e-03	1.4661000e-03	-6.9833167e-01	1.7166000e-03	1.9663000e-03	6.9517070e-01	7.9050000e-04	1.0431000e-03	7.9769731e-01	1.2948000e-03	1.5445000e-03	-7.8939723e-01	1.7946000e-03	2.0444000e-03	7.8845683e-01	7.0700000e-04	9.6330000e-04	7.0609412e-01	1.2160000e-03	1.4661000e-03	-6.9832818e-01	1.7166000e-03	1.9663000e-03	6.9516722e-01	0.0000000e+00
8.9680000e-04	1.1468000e-03	7.9697527e-01	1.3968000e-03	1.6468000e-03	-7.9697515e-01	1.8968000e-03	2.1468000e-03	7.9697516e-01	7.1390000e-04	9.7060000e-04	7.2080110e-01	1.2237000e-03	1.4736000e-03	-7.0980057e-01	1.7240000e-03	1.9737000e-03	7.0652007e-01	7.9270000e-04	1.0454000e-03	7.9928561e-01	1.2973000e-03	1.5469000e-03	-7.8928174e-01	1.7969000e-03	2.0467000e-03	7.8852508e-01	7.1390000e-04	9.7060000e-04	7.2079750e-01	1.2237000e-03	1.4736000e-03	-7.0979702e-01	1.7240000e-03	1.9737000e-03	7.0651654e-01	0.0000000e+00
8.9680000e-04	1.1468000e-03	7.9697527e-01	1.3968000e-03	1.6468000e-03	-7.9697515e-01	1.8968000e-03	2.1468000e-03	7.9697516e-01	7.1650000e-04	9.7330000e-04	7.2593631e-01	1.2266000e-03	1.4764000e-03	-7.1362399e-01	1.7268000e-03	1.9764000e-03	7.1035960e-01	7.9360000e-04	1.0463000e-03	7.9963715e-01	1.2982000e-03	1.5477000e-03	-7.8897067e-01	1.7977000e-03	2.0476000e-03	7.8832382e-01	7.1650000e-04	9.7330000e-04	7.2593268e-01	1.2266000e-03	1.4764000e-03	-7.1362042e-01	1.7268000e-03	1.9764000e-03	7.1035604e-01	6.1000000e+01
8.9680000e-04	1.1468000e-03	7.9697527e-01	1.3968000e-03	1.6468000e-03	-7.9697515e-01	1.8968000e-03	2.1468000e-03	7.9697516e-01	7.2200000e-04	9.7900000e-04	7.3595741e-01	1.2326000e-03	1.4822000e-03	-7.2075151e-01	1.7325000e-03	1.9821000e-03	7.1765901e-01	7.9540000e-04	1.0481000e-03	7.9992454e-01	1.3002000e-03	1.5496000e-03	-7.8785037e-01	1.7995000e-03	2.0494000e-03	7.8751849e-01	7.2200000e-04	9.7900000e-04	7.3595373e-01	1.2326000e-03	1.4822000e-03	-7.2074790e-01	1.7325000e-03	1.9821000e-03	7.1765543e-01	6.1000000e+01
8.9680000e-04	1.1468000e-03	7.9697527e-01	1.3968000e-03	1.6468000e-03	-7.9697515e-01	1.8968000e-03	2.1468000e-03	7.9697516e-01	7.2310000e-04	9.8010000e-04	7.3777810e-01	1.2338000e-03	1.4833000e-03	-7.2199220e-01	1.7336000e-03	1.9832000e-03	7.1895756e-01	7.9570000e-04	1.0485000e-03	7.9990870e-01	1.3006000e-03	1.5499000e-03	-7.8756111e-01	1.7999000e-03	2.0497000e-03	7.8730470e-01	7.2310000e-04	9.8010000e-04	7.3777441e-01	1.2338000e-03	1.4833000e-03	-7.2198859e-01	1.7336000e-03	1.9832000e-03	7.1895397e-01	6.1000000e+01
8.9680000e-04	1.1468000e-03	7.9697527e-01	1.3968000e-03	1.6468000e-03	-7.9697515e-01	1.8968000e-03	2.1468000e-03	7.9697516e-01	7.3010000e-04	9.8720000e-04	7.4857294e-01	1.2413000e-03	1.4905000e-03	-7.2892209e-01	1.7406000e-03	1.9903000e-03	7.2648827e-01	7.9800000e-04	1.0508000e-03	7.9923300e-01	1.3030000e-03	1.5522000e-03	-7.8513873e-01	1.8020000e-03	2.0519000e-03	7.8549541e-01	7.3010000e-04	9.8720000e-04	7.4856919e-01	1.2413000e-03	1.4905000e-03	-7.2891844e-01	1.7406000e-03	1.9903000e-03	7.2648464e-01	6.1000000e+01
8.9680000e-04	1.1468000e-03	7.9697527e-01	1.3968000e-03	1.6468000e-03	-7.9697515e-01	1.8968000e-03	2.1468000e-03	7.9697516e-01	7.3480000e-04	9.9190000e-04	7.5482872e-01	1.2463000e-03	1.4953000e-03	-7.3251726e-01	1.7453000e-03	1.9949000e-03	7.3073772e-01	7.9960000e-04	1.0523000e-03	7.9821046e-01	1.3046000e-03	1.5537000e-03	-7.8299363e-01	1.8034000e-03	2.0533000e-03	7.8389296e-01	7.3480000e-04	9.9190000e-04	7.5482495e-01	1.2463000e-03	1.4953000e-03	-7.3251359e-01	1.7453000e-03	1.9949000e-03	7.3073407e-01	6.1000000e+01
8.9680000e-04	1.1468000e-03	7.9697527e-01	1.3968000e-03	1.6468000e-03	-7.9697515e-01	1.8968000e-03	2.1468000e-03	7.9697516e-01	7.3720000e-04	9.9420000e-04	7.5756490e-01	1.2487000e-03	1.4976000e-03	-7.3395982e-01	1.7475000e-03	1.9971000e-03	7.3257961e-01	8.0040000e-04	1.0530000e-03	7.9754568e-01	1.3053000e-03	1.5544000e-03	-7.8180892e-01	1.8040000e-03	2.0540000e-03	7.8301171e-01	7.3720000e-04	9.9420000e-04	7.5756111e-01	1.2487000e-03	1.4976000e-03	-7.3395615e-01	1.7475000e-03	1.9971000e-03	7.3257595e-01	6.1000000e+01
8.9680000e-04	1.1468000e-03	7.9697527e-01	1.3968000e-03	1.6468000e-03	-7.9697515e-01	1.8968000e-03	2.1468000e-03	7.9697516e-01	7.4760000e-04	1.0044000e-03	7.6720868e-01	1.2593000e-03	1.5076000e-03	-7.3805000e-01	1.7571000e-03	2.0069000e-03	7.3915770e-01	8.0380000e-04	1.0562000e-03	7.9323007e-01	1.3086000e-03	1.5574000e-03	-7.7550023e-01	1.8068000e-03	2.0568000e-03	7.7837155e-01	7.4760000e-04	1.0044000e-03	7.6720484e-01	1.2593000e-03	1.5076000e-03	-7.3804631e-01	1.7571000e-03	2.0069000e-03	7.3915401e-01	6.2000000e+01
8.9680000e-04	1.1468000e-03	7.9697527e-01	1.3968000e-03	1.6468000e-03	-7.9697515e-01	1.8968000e-03	2.1468000e-03	7.9697516e-01	7.4940000e-04	1.0062000e-03	7.6844418e-01	1.2611000e-03	1.5093000e-03	-7.3838904e-01	1.7587000e-03	2.0085000e-03	7.4005228e-01	8.0440000e-04	1.0568000e-03	7.9225198e-01	1.3092000e-03	1.5579000e-03	-7.7424757e-01	1.8073000e-03	2.0573000e-03	7.7745919e-01	7.4940000e-04	1.0062000e-03	7.6844033e-01	1.2611000e-03	1.5093000e-03	-7.3838535e-01	1.7587000e-03	2.0085000e-03	7.4004858e-01	6.2000000e+01
